{
  "project_info": {
    "project_number": "986775312595",
    "project_id": "e-ticaret-uygulamasi-3049f",
    "storage_bucket": "e-ticaret-uygulamasi-3049f.appspot.com"
  },
  "client": [
    {
      "client_info": {
        "mobilesdk_app_id": "1:986775312595:android:5f72d541b23475a0fe5c26",
        "android_client_info": {
          "package_name": "com.works.e_ticaret_uygulamasi"
        }
      },
      "oauth_client": [],
      "api_key": [
        {
          "current_key": "AIzaSyAbwCOfLb6Bf4tUhCrGFc53gnSvBDLHD58"
        }
      ],
      "services": {
        "appinvite_service": {
          "other_platform_oauth_client": []
        }
      }
    }
  ],
  "configuration_version": "1"
}