{
  "project_info": {
    "project_number": "217693123867",
    "project_id": "turkcellfinalproje",
    "storage_bucket": "turkcellfinalproje.appspot.com"
  },
  "client": [
    {
      "client_info": {
        "mobilesdk_app_id": "1:217693123867:android:91b70c2266a8d2db4f4fbe",
        "android_client_info": {
          "package_name": "com.example.turkcellgelecegiyazanlarfinal"
        }
      },
      "oauth_client": [],
      "api_key": [
        {
          "current_key": "AIzaSyCgGs1OsYlUK8vt1Q75wC2PTS1EYHKfQ8Y"
        }
      ],
      "services": {
        "appinvite_service": {
          "other_platform_oauth_client": []
        }
      }
    }
  ],
  "configuration_version": "1"
}