{
  "project_info": {
    "project_number": "465528632976",
    "project_id": "ecommmerceapp-7b009",
    "storage_bucket": "ecommmerceapp-7b009.appspot.com"
  },
  "client": [
    {
      "client_info": {
        "mobilesdk_app_id": "1:465528632976:android:9c626b2851d0ba4c8a0a15",
        "android_client_info": {
          "package_name": "com.works.ecommmerceapp"
        }
      },
      "oauth_client": [],
      "api_key": [
        {
          "current_key": "AIzaSyC_fLaO-ByN0M3o438Tir4eDkQG97wecjM"
        }
      ],
      "services": {
        "appinvite_service": {
          "other_platform_oauth_client": []
        }
      }
    }
  ],
  "configuration_version": "1"
}