{
  "project_info": {
    "project_number": "466658055318",
    "project_id": "turkcellcapstoneproject",
    "storage_bucket": "turkcellcapstoneproject.appspot.com"
  },
  "client": [
    {
      "client_info": {
        "mobilesdk_app_id": "1:466658055318:android:c84b1dac99a4e10a639eb7",
        "android_client_info": {
          "package_name": "com.nazlican.turkcellcapstoneproject"
        }
      },
      "oauth_client": [],
      "api_key": [
        {
          "current_key": "AIzaSyCFEZxd6M7jshsz7KUu99bwU1YTqZIBh_Q"
        }
      ],
      "services": {
        "appinvite_service": {
          "other_platform_oauth_client": []
        }
      }
    }
  ],
  "configuration_version": "1"
}