{
  "project_info": {
    "project_number": "809934123757",
    "project_id": "esmasalkim-finalprojesi",
    "storage_bucket": "esmasalkim-finalprojesi.appspot.com"
  },
  "client": [
    {
      "client_info": {
        "mobilesdk_app_id": "1:809934123757:android:a75a4655b2aa36485892e4",
        "android_client_info": {
          "package_name": "com.example.esmasalkim_finalprojesi"
        }
      },
      "oauth_client": [],
      "api_key": [
        {
          "current_key": "AIzaSyATkX11HB-6039ATCT9SHL9Ucoa1QeS3_c"
        }
      ],
      "services": {
        "appinvite_service": {
          "other_platform_oauth_client": []
        }
      }
    }
  ],
  "configuration_version": "1"
}