{
  "project_info": {
    "project_number": "506345213449",
    "project_id": "final-project-5b302",
    "storage_bucket": "final-project-5b302.appspot.com"
  },
  "client": [
    {
      "client_info": {
        "mobilesdk_app_id": "1:506345213449:android:fc77b929875b2852fef2d8",
        "android_client_info": {
          "package_name": "com.example.final_project_turkcell"
        }
      },
      "oauth_client": [],
      "api_key": [
        {
          "current_key": "AIzaSyCmCAjZKpYYA62BjzBFa-m7FwFeDI7x-44"
        }
      ],
      "services": {
        "appinvite_service": {
          "other_platform_oauth_client": []
        }
      }
    },
    {
      "client_info": {
        "mobilesdk_app_id": "1:506345213449:android:bbd90cb3577a419bfef2d8",
        "android_client_info": {
          "package_name": "com.haticekilic.final"
        }
      },
      "oauth_client": [],
      "api_key": [
        {
          "current_key": "AIzaSyCmCAjZKpYYA62BjzBFa-m7FwFeDI7x-44"
        }
      ],
      "services": {
        "appinvite_service": {
          "other_platform_oauth_client": []
        }
      }
    }
  ],
  "configuration_version": "1"
}